Кузин;Антон;Георгиевич;+7(495)182572
Бородина;Елена;Семеновна;+7(495)237204
Фокин;Владислав;Витальевич;+7(495)444976
Островская;Светлана;Аркадьевна;+7(495)497881
Седов;Егор;Юрьевич;+7(495)515690
Дементьева;Марина;Яковлевна;+7(495)687867
Минаев;Андрей;Леонидович;+7(495)527317
Ульянова;Анастасия;Петровна;+7(495)169945
Федоров;Максим;Богданович;+7(495)455595
Звездная;Анастасия;Матвеевна;+7(495)720981
d;v;s;d; ;s;d;g;s;g; ;s;f;s; ;5;4;6;6
Ярослав;Семечкин;09876543456
Самуил;Маршак;'+7(495)237204
10
